[
  { 
    "name": "sonarqube", 
    "essential": true, 
    "image": "${image_url}",
    "memoryReservation": null,
    "portMappings": [ 
        { 
            "protocol": "tcp", 
            "containerPort": 9000, 
            "hostPort": 9000 
        } 
    ],
    "command": [
        "-Dsonar.search.javaAdditionalOpts=-Dnode.store.allow_mmapfs=false"
    ],
    "environment": [
        {
          "name": "sonar.jdbc.password",
          "value": "sonar"
        },
        {
          "name": "sonar.jdbc.url",
          "value": "jdbc:postgresql://localhost:5432/sonar"
        },
        {
          "name": "sonar.jdbc.username",
          "value": "sonar"
        }
     ],
     "ulimits": [
        {
          "name": "nofile",
          "softLimit": 65535,
          "hardLimit": 65535
        }
      ],
      "requiresCompatibilities": [
        "FARGATE"
      ],
      "cpu": 512,
      "memory": 1024,
      "networkMode": "awsvpc",
      "logConfiguration": {
          "logDriver": "awslogs",
          "options": {
            "awslogs-group": "kano-sonar-devops",
            "awslogs-region": "eu-west-2",
            "awslogs-stream-prefix": "sonar"
          }
        }
   }
]