[
    {
        "image": "${image_url}",
        "name": "sonar",
        "logConfiguration": {
            "logDriver": "awslogs",
            "options": {
                "awslogs-group": "kano-sonar-devops",
                "awslogs-region": "eu-west-2",
                "awslogs-stream-prefix": "sonar"
            }
        },
        "essential": true,
        "portMappings": [
            {
                "hostPort": 9000,
                "containerPort": 9000,
                "protocol": "tcp"
            }
        ]
    }
]
